{
	"resourceType": "Bundle",
	"id": "c37fa5bf-8f6a-42c9-b3cc-0435b8cd1490",
	"meta": {
		"profile": [
			"http://nphies.sa/fhir/ksa/nphies-fs/StructureDefinition/bundle|1.0.0"
		]
	},
	"type": "message",
	"timestamp": "2022-03-14T14:59:59.976+00:00",
	"entry": [
		{
			"fullUrl": "urn:uuid:99c45781-3ff6-4997-adc9-a8e403b21490",
			"resource": {
				"resourceType": "MessageHeader",
				"id": "99c45781-3ff6-4997-adc9-a8e403b21490",
				"meta": {
					"profile": [
						"http://nphies.sa/fhir/ksa/nphies-fs/StructureDefinition/message-header|1.0.0"
					]
				},
				"eventCoding": {
					"system": "http://nphies.sa/terminology/CodeSystem/ksa-message-events",
					"code": "eligibility-response"
				},
				"destination": [
					{
						"endpoint": "http://nphies.sa/license/payer-license/N-F-00001",
						"receiver": {
							"type": "Organization",
							"identifier": {
								"system": "http://nphies.sa/license/provider-license",
								"value": "N-F-00001"
							}
						}
					}
				],
				"sender": {
					"type": "Organization",
					"identifier": {
						"system": "http://nphies.sa/license/payer-license",
						"value": "N-I-00001"
					}
				},
				"source": {
					"endpoint": "http://nphies.sa/license/payer-license/N-I-00001"
				},
				"response": {
					"identifier": "c19c71dc-cfad-4401-b5b0-c0f20e8f1490",
					"code": "ok"
				},
				"focus": [
					{
						"reference": "http://sni.com.sa/fhir/CoverageEligibilityResponse/61490"
					}
				]
			}
		},
		{
			"fullUrl": "http://sni.com.sa/fhir/CoverageEligibilityResponse/61490",
			"resource": {
				"resourceType": "CoverageEligibilityResponse",
				"id": "61490",
				"meta": {
					"profile": [
						"http://nphies.sa/fhir/ksa/nphies-fs/StructureDefinition/eligibility-response|1.0.0"
					]
				},
				"extension": [
					{
						"url": "http://nphies.sa/fhir/ksa/nphies-fs/StructureDefinition/extension-siteEligibility",
						"valueCodeableConcept": {
							"coding": [
								{
									"system": "http://nphies.sa/terminology/CodeSystem/siteEligibility",
									"code": "eligible"
								}
							]
						}
					}
				],
				"identifier": [
					{
						"system": "http://sni.com.sa/fhir/coverageeligibilityresponse",
						"value": "resp_161490"
					}
				],
				"status": "active",
				"purpose": [
					"discovery",
					"benefits"
				],
				"patient": {
					"reference": "http://sgh.com.sa/Patient/122106788"
				},
				"servicedPeriod": {
					"start": "2022-03-14",
					"end": "2022-03-14"
				},
				"created": "2022-03-14T14:59:59.976+00:00",
				"request": {
					"identifier": {
						"system": "http://sgh.com.sa/identifier/coverageeligibilityrequest",
						"value": "req_161490"
					}
				},
				"outcome": "complete",
				"disposition": "Patient’s coverage is subject to the contracted terms and condition",
				"insurer": {
					"reference": "http://sni.com.sa/fhir/Organization/bff3aa1fbd3648619ac082357bf135db"
				},
				"insurance": [
					{
						"extension": [
							{
								"url": "http://nphies.sa/fhir/ksa/nphies-fs/StructureDefinition/extension-siteEligibility",
								"valueCodeableConcept": {
									"coding": [
										{
											"system": "http://nphies.sa/terminology/CodeSystem/siteEligibility",
											"code": "eligible"
										}
									]
								}
							}
						],
						"coverage": {
							"reference": "http://sgh.com.sa/Coverage/1333"
						},
						"inforce": true,
						"item": [
							{
								"category": {
									"coding": [
										{
											"system": "http://nphies.sa/terminology/CodeSystem/benefit-category",
											"code": "1"
										}
									]
								},
								"excluded": false,
								"name": "Medical Care",
								"description": "Medical Care.",
								"network": {
									"coding": [
										{
											"system": "http://terminology.hl7.org/CodeSystem/benefit-network",
											"code": "in"
										}
									]
								},
								"unit": {
									"coding": [
										{
											"system": "http://terminology.hl7.org/CodeSystem/benefit-unit",
											"code": "individual"
										}
									]
								},
								"term": {
									"coding": [
										{
											"system": "http://terminology.hl7.org/CodeSystem/benefit-term",
											"code": "annual"
										}
									]
								},
								"benefit": [
									{
										"type": {
											"coding": [
												{
													"system": "http://nphies.sa/terminology/CodeSystem/benefit-type",
													"code": "benefit"
												}
											]
										},
										"allowedMoney": {
											"value": 1000,
											"currency": "SAR"
										}
									}
								]
							},
							{
								"category": {
									"coding": [
										{
											"system": "http://nphies.sa/terminology/CodeSystem/benefit-category",
											"code": "2"
										}
									]
								},
								"excluded": false,
								"name": "Surgical",
								"description": "Surgical.",
								"network": {
									"coding": [
										{
											"system": "http://terminology.hl7.org/CodeSystem/benefit-network",
											"code": "in"
										}
									]
								},
								"unit": {
									"coding": [
										{
											"system": "http://terminology.hl7.org/CodeSystem/benefit-unit",
											"code": "individual"
										}
									]
								},
								"term": {
									"coding": [
										{
											"system": "http://terminology.hl7.org/CodeSystem/benefit-term",
											"code": "annual"
										}
									]
								},
								"benefit": [
									{
										"type": {
											"coding": [
												{
													"system": "http://nphies.sa/terminology/CodeSystem/benefit-type",
													"code": "benefit"
												}
											]
										},
										"allowedMoney": {
											"value": 1050,
											"currency": "SAR"
										}
									}
								]
							}
						]
					},
					{
						"extension": [
							{
								"url": "http://nphies.sa/fhir/ksa/nphies-fs/StructureDefinition/extension-siteEligibility",
								"valueCodeableConcept": {
									"coding": [
										{
											"system": "http://nphies.sa/terminology/CodeSystem/siteEligibility",
											"code": "eligible"
										}
									]
								}
							}
						],
						"coverage": {
							"reference": "http://sgh.com.sa/Coverage/1334"
						},
						"inforce": true,
						"item": [
							{
								"category": {
									"coding": [
										{
											"system": "http://nphies.sa/terminology/CodeSystem/benefit-category",
											"code": "1"
										}
									]
								},
								"excluded": false,
								"name": "Medical Care",
								"description": "Medical Care.",
								"network": {
									"coding": [
										{
											"system": "http://terminology.hl7.org/CodeSystem/benefit-network",
											"code": "in"
										}
									]
								},
								"unit": {
									"coding": [
										{
											"system": "http://terminology.hl7.org/CodeSystem/benefit-unit",
											"code": "individual"
										}
									]
								},
								"term": {
									"coding": [
										{
											"system": "http://terminology.hl7.org/CodeSystem/benefit-term",
											"code": "annual"
										}
									]
								},
								"benefit": [
									{
										"type": {
											"coding": [
												{
													"system": "http://nphies.sa/terminology/CodeSystem/benefit-type",
													"code": "benefit"
												}
											]
										},
										"allowedMoney": {
											"value": 2000,
											"currency": "SAR"
										}
									}
								]
							},
							{
								"category": {
									"coding": [
										{
											"system": "http://nphies.sa/terminology/CodeSystem/benefit-category",
											"code": "2"
										}
									]
								},
								"excluded": false,
								"name": "Surgical",
								"description": "Surgical.",
								"network": {
									"coding": [
										{
											"system": "http://terminology.hl7.org/CodeSystem/benefit-network",
											"code": "in"
										}
									]
								},
								"unit": {
									"coding": [
										{
											"system": "http://terminology.hl7.org/CodeSystem/benefit-unit",
											"code": "individual"
										}
									]
								},
								"term": {
									"coding": [
										{
											"system": "http://terminology.hl7.org/CodeSystem/benefit-term",
											"code": "annual"
										}
									]
								},
								"benefit": [
									{
										"type": {
											"coding": [
												{
													"system": "http://nphies.sa/terminology/CodeSystem/benefit-type",
													"code": "benefit"
												}
											]
										},
										"allowedMoney": {
											"value": 2200,
											"currency": "SAR"
										}
									}
								]
							}
						]
					}
				]
			}
		},
		{
			"fullUrl": "http://sgh.com.sa/Patient/122106788",
			"resource": {
				"resourceType": "Patient",
				"id": "122106788",
				"meta": {
					"profile": [
						"http://nphies.sa/fhir/ksa/nphies-fs/StructureDefinition/patient|1.0.0"
					]
				},
				"identifier": [
					{
						"type": {
							"coding": [
								{
									"system": "http://terminology.hl7.org/CodeSystem/v2-0203",
									"code": "PRC",
									"display": "iqama"
								}
							]
						},
						"system": "http://nphies.sa/identifier/iqama",
						"value": "0000000002"
					}
				],
				"active": true,
				"name": [
					{
						"use": "official",
						"text": "Amer Rizwan",
						"family": "Rizwan",
						"given": [
							"Amer Rizwan"
						]
					}
				],
				"gender": "male",
				"_gender": {
					"extension": [
						{
							"url": "http://nphies.sa/fhir/ksa/nphies-fs/StructureDefinition/extension-ksa-administrative-gender",
							"valueCodeableConcept": {
								"coding": [
									{
										"system": "http://nphies.sa/terminology/CodeSystem/ksa-administrative-gender",
										"code": "male",
										"display": "Male"
									}
								]
							}
						}
					]
				},
				"birthDate": "2022-03-13"
			}
		},
		{
			"fullUrl": "http://sgh.com.sa/Patient/3662364643",
			"resource": {
				"resourceType": "Patient",
				"id": "3662364643",
				"meta": {
					"profile": [
						"http://nphies.sa/fhir/ksa/nphies-fs/StructureDefinition/patient|1.0.0"
					]
				},
				"identifier": [
					{
						"type": {
							"coding": [
								{
									"system": "http://terminology.hl7.org/CodeSystem/v2-0203",
									"code": "PRC",
									"display": "iqama"
								}
							]
						},
						"system": "http://nphies.sa/identifier/iqama",
						"value": "0000000001"
					}
				],
				"active": true,
				"name": [
					{
						"use": "official",
						"text": "Maria Khaled Rizwan",
						"family": "Rizwan",
						"given": [
							"Maria",
							"Khaled"
						]
					}
				],
				"telecom": [
					{
						"system": "phone",
						"value": "+966512210643"
					}
				],
				"gender": "female",
				"_gender": {
					"extension": [
						{
							"url": "http://nphies.sa/fhir/ksa/nphies-fs/StructureDefinition/extension-ksa-administrative-gender",
							"valueCodeableConcept": {
								"coding": [
									{
										"system": "http://nphies.sa/terminology/CodeSystem/ksa-administrative-gender",
										"code": "female",
										"display": "Female"
									}
								]
							}
						}
					]
				},
				"birthDate": "1990-12-25"
			}
		},
		{
			"fullUrl": "http://sni.com.sa/fhir/Organization/bff3aa1fbd3648619ac082357bf135db",
			"resource": {
				"resourceType": "Organization",
				"id": "bff3aa1fbd3648619ac082357bf135db",
				"meta": {
					"profile": [
						"http://nphies.sa/fhir/ksa/nphies-fs/StructureDefinition/insurer-organization|1.0.0"
					]
				},
				"identifier": [
					{
						"use": "official",
						"system": "http://nphies.sa/license/payer-license",
						"value": "N-I-00001"
					}
				],
				"active": true,
				"type": [
					{
						"coding": [
							{
								"system": "http://nphies.sa/terminology/CodeSystem/organization-type",
								"code": "ins"
							}
						]
					}
				],
				"name": "Saudi National Insurance"
			}
		},
		{
			"fullUrl": "http://sgh.com.sa/Coverage/1333",
			"resource": {
				"resourceType": "Coverage",
				"id": "1333",
				"meta": {
					"profile": [
						"http://nphies.sa/fhir/ksa/nphies-fs/StructureDefinition/coverage|1.0.0"
					]
				},
				"identifier": [
					{
						"system": "http://sni.com.sa/memberid",
						"value": "0000000002"
					}
				],
				"status": "active",
				"type": {
					"coding": [
						{
							"system": "http://nphies.sa/terminology/CodeSystem/coverage-type",
							"code": "EHCPOL",
							"display": "extended healthcare"
						}
					]
				},
				"policyHolder": {
					"reference": "http://sni.com.sa/fhir/Organization/bff3aa1fbd3648619ac082357bf188db"
				},
				"subscriber": {
					"reference": "http://sgh.com.sa/Patient/3662364643"
				},
				"beneficiary": {
					"reference": "http://sgh.com.sa/Patient/122106788"
				},
				"relationship": {
					"coding": [
						{
							"system": "http://terminology.hl7.org/CodeSystem/subscriber-relationship",
							"code": "child",
							"display": "Child"
						}
					]
				},
				"payor": [
					{
						"reference": "http://sni.com.sa/fhir/Organization/bff3aa1fbd3648619ac082357bf135db"
					}
				],
				"class": [
					{
						"type": {
							"coding": [
								{
									"system": "http://terminology.hl7.org/CodeSystem/coverage-class",
									"code": "group"
								}
							]
						},
						"value": "CB135",
						"name": "Insurance Group A"
					}
				],
				"network": "Golden C"
			}
		},
		{
			"fullUrl": "http://sgh.com.sa/Coverage/1334",
			"resource": {
				"resourceType": "Coverage",
				"id": "1334",
				"meta": {
					"profile": [
						"http://nphies.sa/fhir/ksa/nphies-fs/StructureDefinition/coverage|1.0.0"
					]
				},
				"identifier": [
					{
						"system": "http://sni.com.sa/memberid",
						"value": "0000000002"
					}
				],
				"status": "active",
				"type": {
					"coding": [
						{
							"system": "http://nphies.sa/terminology/CodeSystem/coverage-type",
							"code": "EHCPOL",
							"display": "extended healthcare"
						}
					]
				},
				"policyHolder": {
					"reference": "http://sni.com.sa/fhir/Organization/bff3aa1fbd3648619ac082357bf199db"
				},
				"subscriber": {
					"reference": "http://sgh.com.sa/Patient/3662364643"
				},
				"beneficiary": {
					"reference": "http://sgh.com.sa/Patient/122106788"
				},
				"relationship": {
					"coding": [
						{
							"system": "http://terminology.hl7.org/CodeSystem/subscriber-relationship",
							"code": "child",
							"display": "Child"
						}
					]
				},
				"payor": [
					{
						"reference": "http://sni.com.sa/fhir/Organization/bff3aa1fbd3648619ac082357bf135db"
					}
				],
				"class": [
					{
						"type": {
							"coding": [
								{
									"system": "http://terminology.hl7.org/CodeSystem/coverage-class",
									"code": "group"
								}
							]
						},
						"value": "CB136",
						"name": "Insurance Group B"
					}
				],
				"network": "Golden A"
			}
		},
		{
			"fullUrl": "http://sni.com.sa/fhir/Organization/bff3aa1fbd3648619ac082357bf188db",
			"resource": {
				"resourceType": "Organization",
				"id": "bff3aa1fbd3648619ac082357bf188db",
				"meta": {
					"profile": [
						"http://nphies.sa/fhir/ksa/nphies-fs/StructureDefinition/policyholder-organization|1.0.0"
					]
				},
				"active": true,
				"name": "ELAL CONSTRUCTION - A"
			}
		},
		{
			"fullUrl": "http://sni.com.sa/fhir/Organization/bff3aa1fbd3648619ac082357bf199db",
			"resource": {
				"resourceType": "Organization",
				"id": "bff3aa1fbd3648619ac082357bf199db",
				"meta": {
					"profile": [
						"http://nphies.sa/fhir/ksa/nphies-fs/StructureDefinition/policyholder-organization|1.0.0"
					]
				},
				"active": true,
				"name": "ELAL CONSTRUCTION - B"
			}
		}
	]
}