{
	"resourceType": "Bundle",
	"id": "256518eb-e01a-4e55-96ec-d29948842568",
	"meta": {
		"profile": [
			"http://nphies.sa/fhir/ksa/nphies-fs/StructureDefinition/bundle|1.0.0"
		]
	},
	"type": "message",
	"timestamp": "2021-12-02T16:15:50.567Z",
	"entry": [
		{
			"fullUrl": "http://sni.com.sa/MessageHeader/db228c33-92b1-4e0a-933f-e8628ec92568",
			"resource": {
				"resourceType": "MessageHeader",
				"id": "db228c33-92b1-4e0a-933f-e8628ec92568",
				"meta": {
					"profile": [
						"http://nphies.sa/fhir/ksa/nphies-fs/StructureDefinition/message-header|1.0.0"
					]
				},
				"eventCoding": {
					"system": "http://nphies.sa/terminology/CodeSystem/ksa-message-events",
					"code": "communication-request"
				},
				"destination": [
					{
						"endpoint": "http://saudicentralpharmacy.sa.com",
						"receiver": {
							"type": "Organization",
							"identifier": {
								"system": "http://nphies.sa/license/provider-license",
								"value": "PR-FHIR"
							}
						}
					}
				],
				"sender": {
					"type": "Organization",
					"identifier": {
						"system": "http://nphies.sa/license/payer-license",
						"value": "INS-FHIR"
					}
				},
				"source": {
					"endpoint": "http://nphies.sa/license/payer-license/INS-FHIR"
				},
				"focus": [
					{
						"reference": "http://sni.com.sa/CommunicationRequest/852568"
					}
				]
			}
		},
		{
			"fullUrl": "http://sni.com.sa/CommunicationRequest/852568",
			"resource": {
				"resourceType": "CommunicationRequest",
				"id": "852568",
				"meta": {
					"profile": [
						"http://nphies.sa/fhir/ksa/nphies-fs/StructureDefinition/communication-request|1.0.0"
					]
				},
				"identifier": [
					{
						"system": "http://sni.com.sa/communicationrequest",
						"value": "CommReq_302568"
					}
				],
				"status": "active",
				"category": [
					{
						"coding": [
							{
								"system": "http://terminology.hl7.org/CodeSystem/communication-category",
								"code": "instruction"
							}
						]
					}
				],
				"priority": "routine",
				"subject": {
					"reference": "http://sni.sa.com/Patient/123456777"
				},
				"about": [
                    {
                        "type": "Claim",
                        "identifier": {
                            "system": "http://saudicentralpharmacy.sa.com/claim",
                            "value": "req_00112482284"
                        }
                    }
                ],
				"payload": [
					{
						"contentString": "Please provide an updated lab report including HbAIC, LFT and Lipid profiles."
					}
				],
				"recipient": [
					{
						"reference": "http://sni.sa.com/Organization/b1b3432921324f97af3be9fd0b1a34fa"
					}
				],
				"sender": {
					"reference": "http://sni.com.sa/Organization/bff3aa1fbd3648619ac082357bf135db"
				}
			}
		},
		{
			"fullUrl": "http://sni.sa.com/Patient/123456777",
			"resource": {
				"resourceType": "Patient",
				"id": "123456777",
				"meta": {
					"profile": [
						"http://nphies.sa/fhir/ksa/nphies-fs/StructureDefinition/patient|1.0.0"
					]
				},
				"identifier": [
					{
						"type": {
							"coding": [
								{
									"system": "http://terminology.hl7.org/CodeSystem/v2-0203",
									"code": "PRC",
									"display": "iqama"
								}
							]
						},
						"system": "http://nphies.sa/identifier/iqama",
						"value": "5555346"
					}
				],
				"active": true,
				"name": [
					{
						"use": "official",
						"text": "Zahi Fathi abdullah Tareeq",
						"family": "Tareeq",
						"given": [
							"Zahi",
							"Fathi",
							"abdullah"
						]
					}
				],
				"telecom": [
					{
						"system": "phone",
						"value": "+966512345691"
					}
				],
				"gender": "male",
				"_gender": {
					"extension": [
						{
							"url": "http://nphies.sa/fhir/ksa/nphies-fs/StructureDefinition/extension-ksa-administrative-gender",
							"valueCodeableConcept": {
								"coding": [
									{
										"system": "http://nphies.sa/terminology/CodeSystem/ksa-administrative-gender",
										"code": "male",
										"display": "Male"
									}
								]
							}
						}
					]
				},
				"birthDate": "1988-10-13"
			}
		},
		{
			"fullUrl": "http://sni.sa.com/Organization/b1b3432921324f97af3be9fd0b1a34fa",
			"resource": {
				"resourceType": "Organization",
				"id": "b1b3432921324f97af3be9fd0b1a34fa",
				"meta": {
					"profile": [
						"http://nphies.sa/fhir/ksa/nphies-fs/StructureDefinition/provider-organization|1.0.0"
					]
				},
				"identifier": [
					{
						"system": "http://nphies.sa/license/provider-license",
						"value": "PR-FHIR"
					}
				],
				"active": true,
				"type": [
					{
						"coding": [
							{
								"system": "http://nphies.sa/terminology/CodeSystem/organization-type",
								"code": "prov"
							}
						]
					}
				],
				"name": "Saudi Central Pharmacy"
			}
		},
		{
			"fullUrl": "http://sni.com.sa/Organization/bff3aa1fbd3648619ac082357bf135db",
			"resource": {
				"resourceType": "Organization",
				"id": "bff3aa1fbd3648619ac082357bf135db",
				"meta": {
					"profile": [
						"http://nphies.sa/fhir/ksa/nphies-fs/StructureDefinition/insurer-organization|1.0.0"
					]
				},
				"identifier": [
					{
						"system": "http://nphies.sa/license/payer-license",
						"value": "INS-FHIR"
					}
				],
				"active": true,
				"type": [
					{
						"coding": [
							{
								"system": "http://nphies.sa/terminology/CodeSystem/organization-type",
								"code": "ins"
							}
						]
					}
				],
				"name": "Saudi National Insurance"
			}
		}
	]
}